Workbook
Name ACTION: #REF!

Sheet Cover
E2: SYSTEM TEST CASE
B4: Project Name | C4: Producer_Consumer | F4: Creator | G4: Nguyen Tien Dat
B5: Project Code | C5: Producer_Consumer | F5: Reviewer/Approver | G5: Nguyen Tien Dat
B6: Document Code | C6: =C5&"_"&"Test Report"&"_"&"v1" -> Producer_Consumer_Test Report_v1 | F6: Issue Date | G6: 27/01/2026
F7: Version | G7: 1
B10: Record of change
B11: Effective Date | C11: Version | D11: Change Item | E11: *A,D,M | F11: Change description | G11: Reference
B12: 46049 | C12: 1.0 | D12: New document | E12: A | F12: Create test document | G12: N/A

Sheet Test Report
B1: TEST REPORT
B3: Project Name | C3: Producer_Consumer | E3: Creator | H3: Nguyen Tien Dat
B4: Project Code | C4: Producer_Consumer | E4: Reviewer/Approver | H4: Nguyen Tien Dat
B5: Document Code | C5: =C4&"_"&"Test Report"&"_"&"v1" -> Producer_Consumer_Test Report_v1 | E5: Issue Date | H5: 27/01/2026
B6: Notes | C6: Including 15 functions test | N6: Status | O6: Number
N7: Passed | O7: 44
N8: Failed | O8: 4
N9: Untested | O9: 0
B10: No | C10: Module code | D10: Pass | E10: Fail | F10: Untested | G10: N/A | H10: Number of test cases | I10: % Passed of tests
B11: 1 | C11: =Producer_Consumer!B2 -> Producer_Consumer | D11: =Producer_Consumer!B6 -> 10 | E11: =Producer_Consumer!D6 -> 2 | F11: =Producer_Consumer!E6 -> 0 | G11: =Producer_Consumer!F6 -> 0 | H11: =Producer_Consumer!G6 -> 12 | I11: =Producer_Consumer!A6 -> 0.83333333
C12: Sub total | D12: =SUM(D11:D11) -> 10 | E12: =SUM(E9:E11) -> 2 | F12: =SUM(F9:F11) -> 0 | G12: =SUM(G9:G11) -> 0 | H12: =SUM(H11:H11) -> 12 | I12: =SUM(I11:I11)/COUNT(I11:I11) -> 0.83333333
C14: Test coverage | E14: =(D12+E12)*100/(H12-G12) -> 100 | F14: %
C15: Test successful coverage | E15: =D12*100/(H12-G12) -> 83.333333 | F15: %
C16: Test passed percentage | E16: =I12 -> 0.83333333

Sheet Test case List
D1: TEST CASE LIST
B3: Project Name | D3: =Cover!C4 -> Producer_Consumer
B4: Project Code | D4: =Cover!C5 -> Producer_Consumer
B5: Test Environment Setup Description | D5: 1. SQLServer 2. JavaJUnit
B8: No | C8: Function Name | D8: Sheet Name | E8: Description | F8: Pre-Condition
B9: 1 | C9: Producer_Consumer | D9: Producer_Consumer

Sheet Producer_Consumer
A2: Module Code | B2: Producer_Consumer
A3: Test requirement
A4: Reference Document
A5: % Passed of tests | B5: Pass | D5: Fail | E5: Untested | F5: N/A | G5: Number of Test cases
A6: =AVERAGE(L:L) -> 0.83333333 | B6: =COUNTIF(G11:G1000,"Pass") -> 10 | D6: =COUNTIF(G11:G1000,"Fail") -> 2 | E6: =G6-F6-D6-B6 -> 0 | F6: =COUNTIF(G11:G1000,"N/A") -> 0 | G6: =COUNTA(A11:A1000) -> 12
A9: ID | B9: Test Case Description | C9: Condition | D9: Test Case Procedure | E9: Expected Results | F9: Actual Result | G9: Result | H9: Test date | I9: Tester | J9: Number of tests | K9: Passed | L9: % Passed
A11: TC01 | B11: Kiểm tra put() khi queue chưa full | C11: capacity=1, queue rỗng | D11: Gọi put(10) | E11: Không in FULL -> waiting, size=1 | G11: Pass | H11: 46056 | I11: Nguyen Tien Dat | J11: 1 | K11: 1 | L11: =K11/J11 -> 1
A12: TC02 | B12: Kiểm tra put() khi queue full và block | C12: capacity=1, queue đã có 1 phần tử | D12: Gọi put(2) trong thread riêng, sau đó take() để unblock | E12: In FULL -> waiting, put() bị block rồi hoàn tất sau take() | G12: Pass | H12: 46056 | I12: Nguyen Tien Dat | J12: 1 | K12: 1 | L12: =K12/J12 -> 1
A13: TC03 | B13: Kiểm tra take() khi queue có phần tử | C13: capacity>=1, queue có sẵn 1 phần tử | D13: Gọi take() | E13: Không in EMPTY -> waiting, trả đúng phần tử | G13: Pass | H13: 46056 | I13: Nguyen Tien Dat | J13: 1 | K13: 1 | L13: =K13/J13 -> 1
A14: TC04 | B14: Kiểm tra take() khi queue empty và block | C14: capacity=1, queue rỗng | D14: Gọi take() trong thread riêng, sau đó put(99) | E14: In EMPTY -> waiting, take() bị block rồi hoàn tất sau put() | G14: Pass | H14: 46056 | I14: Nguyen Tien Dat | J14: 1 | K14: 1 | L14: =K14/J14 -> 1
A15: TC05 | B15: Kiểm tra FIFO property | C15: capacity=3, queue rỗng | D15: put(1), put(2), put(3), take() 3 lần | E15: Nhận lần lượt 1,2,3 | G15: Pass | H15: 46056 | I15: Nguyen Tien Dat | J15: 1 | K15: 1 | L15: =K15/J15 -> 1
A16: TC06 | B16: Kiểm tra không vượt capacity | C16: capacity=2, nhiều producer/consumer chạy đồng thời | D16: Chạy song song trong thời gian ngắn | E16: size() luôn trong khoảng [0..2] | G16: Pass | H16: 46056 | I16: Nguyen Tien Dat | J16: 1 | K16: 1 | L16: =K16/J16 -> 1
A17: TC07 | B17: Kiểm tra không mất dữ liệu | C17: capacity=10, producer tạo N item xác định | D17: Consumer lấy đúng N item | E17: Số lượng và giá trị tiêu thụ đúng N | G17: Pass | H17: 46056 | I17: Nguyen Tien Dat | J17: 1 | K17: 1 | L17: =K17/J17 -> 1
A18: TC08 | B18: Kiểm tra không deadlock | C18: capacity=1 | D18: 1 producer + 1 consumer xử lý N item | E18: Hoàn tất trong timeout | G18: Pass | H18: 46056 | I18: Nguyen Tien Dat | J18: 1 | K18: 1 | L18: =K18/J18 -> 1
A19: TC09 | B19: Kiểm tra nhiều consumer chờ empty | C19: capacity=1, queue rỗng | D19: 3 thread take(), lần lượt put(a), put(b), put© | E19: Cả 3 take() hoàn tất | G19: Pass | H19: 46056 | I19: Nguyen Tien Dat | J19: 1 | K19: 1 | L19: =K19/J19 -> 1
A20: TC10 | B20: Kiểm tra nhiều producer chờ full | C20: capacity=1, queue đã full | D20: 3 thread put(), lần lượt take() 3 lần | E20: Cả 3 put() hoàn tất | G20: Pass | H20: 46056 | I20: Nguyen Tien Dat | J20: 1 | K20: 1 | L20: =K20/J20 -> 1
A21: TC11 | B21: Kiểm tra fairness của queue (đảm bảo non-starvation) | C21: capacity=10, queue tạo bằng new ArrayBlockingQueue<>(capacity) | D21: Kiểm tra thuộc tính fairness của ArrayBlockingQueue phải = true | E21: Fairness phải = true để đảm bảo non-starvation | G21: Fail | H21: 46056 | I21: Nguyen Tien Dat | J21: 1 | K21: 0 | L21: =K21/J21 -> 0
A22: TC12 | B22: Kiểm tra fairness của internal lock (đảm bảo non-starvation) | C22: capacity=10, queue tạo bằng new ArrayBlockingQueue<>(capacity) | D22: Kiểm tra ReentrantLock bên trong ArrayBlockingQueue phải là fair (isFair() = true) | E22: Internal lock phải fair để tránh starvation | G22: Fail | H22: 46056 | I22: Nguyen Tien Dat | J22: 1 | K22: 0 | L22: =K22/J22 -> 0
